{"stats":{"minecraft:mined":{"minecraft:white_bed":1,"minecraft:kelp_plant":1,"minecraft:crafting_table":1,"minecraft:glow_lichen":1,"minecraft:granite":1,"minecraft:short_grass":11,"minecraft:grass_block":57,"minecraft:calcite":1,"minecraft:tall_grass":1,"minecraft:cobblestone":10,"minecraft:composter":1,"minecraft:sugar_cane":5,"minecraft:oak_planks":2,"minecraft:kelp":1,"minecraft:diorite":2,"minecraft:wall_torch":1,"minecraft:amethyst_block":31,"minecraft:hay_block":5,"minecraft:magma_block":4,"minecraft:carrots":10,"minecraft:iron_ore":63,"minecraft:wheat":3,"minecraft:andesite":6,"minecraft:yellow_bed":1,"minecraft:potatoes":3,"minecraft:oak_log":25,"minecraft:coal_ore":192,"minecraft:dirt_path":9,"minecraft:gravel":15,"minecraft:dirt":48,"minecraft:smooth_basalt":3,"minecraft:stone":99,"minecraft:oak_leaves":26,"minecraft:deepslate":33},"minecraft:custom":{"minecraft:interact_with_furnace":17,"minecraft:mob_kills":18,"minecraft:interact_with_crafting_table":28,"minecraft:leave_game":3,"minecraft:time_since_death":68811,"minecraft:sleep_in_bed":8,"minecraft:time_since_rest":4101,"minecraft:sprint_one_cm":237284,"minecraft:damage_taken":3498,"minecraft:walk_one_cm":165524,"minecraft:damage_blocked_by_shield":342,"minecraft:drop":29,"minecraft:damage_dealt":4208,"minecraft:swim_one_cm":44729,"minecraft:talked_to_villager":11,"minecraft:fly_one_cm":437307,"minecraft:player_kills":4,"minecraft:open_chest":11,"minecraft:crouch_one_cm":62922,"minecraft:play_time":145405,"minecraft:deaths":4,"minecraft:sneak_time":24878,"minecraft:walk_under_water_one_cm":4660,"minecraft:jump":2795,"minecraft:walk_on_water_one_cm":9406,"minecraft:total_world_time":145405,"minecraft:fall_one_cm":76132},"minecraft:broken":{"minecraft:stone_pickaxe":2},"minecraft:used":{"minecraft:calcite":3,"minecraft:amethyst_block":3,"minecraft:iron_shovel":83,"minecraft:stone_pickaxe":261,"minecraft:oak_planks":2,"minecraft:wooden_pickaxe":17,"minecraft:chest":1,"minecraft:shield":5,"minecraft:composter":1,"minecraft:sugar_cane":8,"minecraft:torch":101,"minecraft:dirt":68,"minecraft:crafting_table":1,"minecraft:carrot":18,"minecraft:white_bed":1,"minecraft:oak_log":1,"minecraft:iron_axe":6,"minecraft:bread":47,"minecraft:iron_pickaxe":200,"minecraft:gravel":15,"minecraft:smooth_basalt":5,"minecraft:stone_axe":81,"minecraft:cobblestone":78,"minecraft:furnace":1,"minecraft:andesite":4,"minecraft:kelp":5,"minecraft:cobbled_deepslate":20},"minecraft:dropped":{"minecraft:iron_ingot":1,"minecraft:stone_axe":2,"minecraft:kelp":3,"minecraft:wheat_seeds":7,"minecraft:wheat":83,"minecraft:iron_helmet":1,"minecraft:rotten_flesh":2,"minecraft:iron_boots":1,"minecraft:apple":4,"minecraft:amethyst_block":29,"minecraft:carrot":1,"minecraft:coal":92,"minecraft:stick":18,"minecraft:potato":1,"minecraft:shield":1,"minecraft:gunpowder":2,"minecraft:iron_chestplate":1,"minecraft:wooden_axe":1,"minecraft:oak_sapling":2,"minecraft:iron_leggings":1,"minecraft:wooden_sword":1,"minecraft:amethyst_shard":4,"minecraft:iron_axe":1,"minecraft:wooden_pickaxe":2},"minecraft:picked_up":{"minecraft:wooden_axe":1,"minecraft:magma_block":4,"minecraft:wheat":86,"minecraft:andesite":7,"minecraft:leather":2,"minecraft:lead":1,"minecraft:wooden_pickaxe":1,"minecraft:potato":10,"minecraft:flint":2,"minecraft:oak_log":25,"minecraft:gunpowder":2,"minecraft:amethyst_block":62,"minecraft:dirt":109,"minecraft:string":2,"minecraft:wooden_sword":1,"minecraft:iron_shovel":1,"minecraft:bone":8,"minecraft:apple":5,"minecraft:kelp":11,"minecraft:wheat_seeds":10,"minecraft:cobbled_deepslate":36,"minecraft:poppy":2,"minecraft:stone_pickaxe":2,"minecraft:iron_ingot":7,"minecraft:calcite":3,"minecraft:iron_pickaxe":1,"minecraft:sugar_cane":8,"minecraft:oak_planks":2,"minecraft:raw_iron":62,"minecraft:stick":28,"minecraft:smooth_basalt":5,"minecraft:composter":1,"minecraft:torch":58,"minecraft:gravel":15,"minecraft:amethyst_shard":4,"minecraft:diorite":2,"minecraft:white_bed":1,"minecraft:carrot":21,"minecraft:arrow":8,"minecraft:rotten_flesh":19,"minecraft:stone_axe":2,"minecraft:hay_block":5,"minecraft:granite":1,"minecraft:bread":62,"minecraft:oak_sapling":2,"minecraft:coal":202,"minecraft:cobblestone":152,"minecraft:ender_pearl":1},"minecraft:crafted":{"minecraft:oak_planks":96,"minecraft:crafting_table":1,"minecraft:iron_helmet":2,"minecraft:wooden_pickaxe":1,"minecraft:furnace":1,"minecraft:stone_axe":1,"minecraft:bread":15,"minecraft:air":0,"minecraft:iron_boots":2,"minecraft:iron_chestplate":2,"minecraft:shield":3,"minecraft:iron_axe":2,"minecraft:stick":48,"minecraft:iron_ingot":58,"minecraft:iron_pickaxe":2,"minecraft:stone_pickaxe":2,"minecraft:chest":1,"minecraft:iron_leggings":2,"minecraft:torch":112,"minecraft:wheat":45},"minecraft:killed_by":{"minecraft:skeleton":1,"minecraft:creeper":2,"minecraft:zombie":1},"minecraft:killed":{"minecraft:iron_golem":1,"minecraft:creeper":1,"minecraft:skeleton":4,"minecraft:zombie":10}},"DataVersion":3953}