{"stats":{"minecraft:mined":{"minecraft:hay_block":5,"minecraft:kelp_plant":1,"minecraft:short_grass":6,"minecraft:grass_block":5,"minecraft:oak_log":3,"minecraft:dirt":1,"minecraft:cobblestone":6,"minecraft:stone":17,"minecraft:kelp":1,"minecraft:sugar_cane":2},"minecraft:custom":{"minecraft:time_since_rest":2067,"minecraft:sprint_one_cm":74394,"minecraft:damage_taken":1116,"minecraft:walk_one_cm":40234,"minecraft:drop":1,"minecraft:damage_dealt":324,"minecraft:talked_to_villager":4,"minecraft:swim_one_cm":40830,"minecraft:interact_with_crafting_table":5,"minecraft:fly_one_cm":191895,"minecraft:player_kills":1,"minecraft:crouch_one_cm":8310,"minecraft:play_time":56092,"minecraft:deaths":3,"minecraft:sneak_time":2973,"minecraft:walk_under_water_one_cm":2479,"minecraft:jump":939,"minecraft:leave_game":3,"minecraft:walk_on_water_one_cm":4632,"minecraft:time_since_death":43256,"minecraft:sleep_in_bed":3,"minecraft:total_world_time":56092,"minecraft:fall_one_cm":26436},"minecraft:used":{"minecraft:bread":8,"minecraft:stone_pickaxe":9,"minecraft:wooden_pickaxe":17,"minecraft:sugar_cane":2,"minecraft:dirt":5,"minecraft:cobblestone":7,"minecraft:crafting_table":1,"minecraft:kelp":5},"minecraft:dropped":{"minecraft:wheat_seeds":1},"minecraft:picked_up":{"minecraft:oak_log":3,"minecraft:string":2,"minecraft:dirt":6,"minecraft:apple":1,"minecraft:kelp":5,"minecraft:wheat_seeds":4,"minecraft:hay_block":5,"minecraft:sugar_cane":2,"minecraft:cobblestone":24},"minecraft:crafted":{"minecraft:oak_planks":12,"minecraft:crafting_table":1,"minecraft:stick":4,"minecraft:wooden_pickaxe":1,"minecraft:stone_pickaxe":1,"minecraft:bread":15,"minecraft:wheat":45},"minecraft:killed_by":{"minecraft:skeleton":1,"minecraft:creeper":2}},"DataVersion":3953}