{"stats":{"minecraft:mined":{"minecraft:kelp_plant":1,"minecraft:crafting_table":1,"minecraft:short_grass":7,"minecraft:grass_block":5,"minecraft:calcite":1,"minecraft:tall_grass":1,"minecraft:cobblestone":10,"minecraft:composter":1,"minecraft:sugar_cane":5,"minecraft:oak_planks":2,"minecraft:kelp":1,"minecraft:amethyst_block":1,"minecraft:hay_block":5,"minecraft:iron_ore":25,"minecraft:oak_log":25,"minecraft:coal_ore":119,"minecraft:dirt":8,"minecraft:smooth_basalt":3,"minecraft:stone":56,"minecraft:oak_leaves":26},"minecraft:custom":{"minecraft:interact_with_furnace":5,"minecraft:mob_kills":16,"minecraft:interact_with_crafting_table":17,"minecraft:leave_game":3,"minecraft:time_since_death":20811,"minecraft:sleep_in_bed":6,"minecraft:time_since_rest":14877,"minecraft:sprint_one_cm":146930,"minecraft:damage_taken":2733,"minecraft:walk_one_cm":104699,"minecraft:damage_blocked_by_shield":198,"minecraft:drop":3,"minecraft:damage_dealt":3330,"minecraft:swim_one_cm":41365,"minecraft:talked_to_villager":10,"minecraft:fly_one_cm":321240,"minecraft:player_kills":1,"minecraft:open_chest":3,"minecraft:crouch_one_cm":35164,"minecraft:play_time":97405,"minecraft:deaths":4,"minecraft:sneak_time":14825,"minecraft:walk_under_water_one_cm":2526,"minecraft:jump":1904,"minecraft:walk_on_water_one_cm":7360,"minecraft:total_world_time":97405,"minecraft:fall_one_cm":54684},"minecraft:broken":{"minecraft:stone_pickaxe":1},"minecraft:used":{"minecraft:calcite":3,"minecraft:amethyst_block":3,"minecraft:stone_pickaxe":207,"minecraft:oak_planks":2,"minecraft:wooden_pickaxe":17,"minecraft:chest":1,"minecraft:shield":3,"minecraft:composter":1,"minecraft:sugar_cane":8,"minecraft:torch":55,"minecraft:dirt":12,"minecraft:crafting_table":1,"minecraft:white_bed":1,"minecraft:oak_log":1,"minecraft:bread":31,"minecraft:smooth_basalt":5,"minecraft:stone_axe":74,"minecraft:cobblestone":64,"minecraft:furnace":1,"minecraft:kelp":5},"minecraft:dropped":{"minecraft:wheat_seeds":1,"minecraft:shield":1,"minecraft:wooden_pickaxe":1},"minecraft:picked_up":{"minecraft:leather":2,"minecraft:lead":1,"minecraft:potato":1,"minecraft:oak_log":25,"minecraft:gunpowder":2,"minecraft:amethyst_block":4,"minecraft:dirt":13,"minecraft:string":2,"minecraft:bone":8,"minecraft:apple":1,"minecraft:kelp":11,"minecraft:wheat_seeds":4,"minecraft:stone_pickaxe":2,"minecraft:iron_ingot":2,"minecraft:calcite":3,"minecraft:iron_pickaxe":1,"minecraft:sugar_cane":8,"minecraft:oak_planks":2,"minecraft:raw_iron":24,"minecraft:stick":4,"minecraft:smooth_basalt":5,"minecraft:composter":1,"minecraft:torch":56,"minecraft:white_bed":1,"minecraft:carrot":1,"minecraft:arrow":8,"minecraft:rotten_flesh":10,"minecraft:stone_axe":1,"minecraft:hay_block":5,"minecraft:bread":62,"minecraft:coal":129,"minecraft:cobblestone":111,"minecraft:ender_pearl":1},"minecraft:crafted":{"minecraft:oak_planks":96,"minecraft:crafting_table":1,"minecraft:wooden_pickaxe":1,"minecraft:furnace":1,"minecraft:stone_axe":1,"minecraft:bread":15,"minecraft:air":0,"minecraft:shield":3,"minecraft:stick":28,"minecraft:iron_ingot":5,"minecraft:iron_pickaxe":1,"minecraft:stone_pickaxe":2,"minecraft:chest":1,"minecraft:torch":72,"minecraft:wheat":45},"minecraft:killed":{"minecraft:creeper":1,"minecraft:skeleton":3,"minecraft:zombie":10},"minecraft:killed_by":{"minecraft:skeleton":1,"minecraft:creeper":2,"minecraft:zombie":1}},"DataVersion":3953}