{"stats":{"minecraft:crafted":{"minecraft:oak_planks":4,"minecraft:crafting_table":1,"minecraft:bread":15,"minecraft:wheat":45},"minecraft:custom":{"minecraft:time_since_rest":8787,"minecraft:crouch_one_cm":2286,"minecraft:sprint_one_cm":39996,"minecraft:play_time":21572,"minecraft:deaths":3,"minecraft:damage_taken":906,"minecraft:walk_one_cm":22556,"minecraft:sneak_time":1051,"minecraft:walk_under_water_one_cm":1702,"minecraft:jump":455,"minecraft:damage_dealt":324,"minecraft:leave_game":2,"minecraft:walk_on_water_one_cm":4323,"minecraft:time_since_death":8736,"minecraft:total_world_time":21572,"minecraft:interact_with_crafting_table":2,"minecraft:swim_one_cm":37548,"minecraft:player_kills":1,"minecraft:fall_one_cm":9125,"minecraft:fly_one_cm":94415},"minecraft:picked_up":{"minecraft:kelp":5,"minecraft:wheat_seeds":2,"minecraft:hay_block":5,"minecraft:oak_log":1,"minecraft:sugar_cane":2,"minecraft:dirt":6,"minecraft:string":2,"minecraft:cobblestone":1},"minecraft:used":{"minecraft:dirt":5,"minecraft:cobblestone":1,"minecraft:crafting_table":1,"minecraft:bread":3},"minecraft:killed_by":{"minecraft:skeleton":1,"minecraft:creeper":2},"minecraft:mined":{"minecraft:hay_block":5,"minecraft:short_grass":1,"minecraft:oak_log":1,"minecraft:grass_block":5,"minecraft:dirt":1,"minecraft:kelp_plant":1,"minecraft:kelp":1,"minecraft:sugar_cane":2}},"DataVersion":3953}