{"stats":{"minecraft:mined":{"minecraft:kelp_plant":1,"minecraft:crafting_table":1,"minecraft:short_grass":7,"minecraft:grass_block":5,"minecraft:calcite":1,"minecraft:tall_grass":1,"minecraft:cobblestone":9,"minecraft:sugar_cane":5,"minecraft:oak_planks":2,"minecraft:composter":1,"minecraft:kelp":1,"minecraft:amethyst_block":1,"minecraft:hay_block":5,"minecraft:iron_ore":4,"minecraft:oak_log":21,"minecraft:coal_ore":37,"minecraft:dirt":8,"minecraft:smooth_basalt":3,"minecraft:stone":28,"minecraft:oak_leaves":22},"minecraft:custom":{"minecraft:interact_with_furnace":5,"minecraft:mob_kills":11,"minecraft:interact_with_crafting_table":15,"minecraft:leave_game":3,"minecraft:time_since_death":3498,"minecraft:sleep_in_bed":5,"minecraft:time_since_rest":3531,"minecraft:sprint_one_cm":122197,"minecraft:damage_taken":2107,"minecraft:walk_one_cm":88100,"minecraft:damage_blocked_by_shield":55,"minecraft:drop":3,"minecraft:damage_dealt":2341,"minecraft:swim_one_cm":41365,"minecraft:talked_to_villager":10,"minecraft:fly_one_cm":288263,"minecraft:player_kills":1,"minecraft:open_chest":3,"minecraft:crouch_one_cm":21756,"minecraft:play_time":80092,"minecraft:deaths":4,"minecraft:sneak_time":8241,"minecraft:walk_under_water_one_cm":2526,"minecraft:jump":1580,"minecraft:walk_on_water_one_cm":7360,"minecraft:total_world_time":80092,"minecraft:fall_one_cm":44842},"minecraft:used":{"minecraft:calcite":3,"minecraft:amethyst_block":2,"minecraft:stone_pickaxe":75,"minecraft:oak_planks":2,"minecraft:shield":2,"minecraft:chest":1,"minecraft:wooden_pickaxe":17,"minecraft:composter":1,"minecraft:sugar_cane":8,"minecraft:torch":34,"minecraft:dirt":12,"minecraft:crafting_table":1,"minecraft:white_bed":1,"minecraft:oak_log":1,"minecraft:bread":20,"minecraft:smooth_basalt":3,"minecraft:stone_axe":55,"minecraft:cobblestone":28,"minecraft:furnace":1,"minecraft:kelp":5},"minecraft:dropped":{"minecraft:wheat_seeds":1,"minecraft:shield":1,"minecraft:wooden_pickaxe":1},"minecraft:picked_up":{"minecraft:leather":2,"minecraft:lead":1,"minecraft:potato":1,"minecraft:oak_log":21,"minecraft:amethyst_block":4,"minecraft:dirt":13,"minecraft:string":2,"minecraft:bone":8,"minecraft:apple":1,"minecraft:kelp":11,"minecraft:wheat_seeds":4,"minecraft:stone_pickaxe":2,"minecraft:iron_ingot":2,"minecraft:calcite":3,"minecraft:iron_pickaxe":1,"minecraft:sugar_cane":8,"minecraft:oak_planks":2,"minecraft:stick":4,"minecraft:raw_iron":6,"minecraft:smooth_basalt":5,"minecraft:composter":1,"minecraft:torch":55,"minecraft:white_bed":1,"minecraft:arrow":8,"minecraft:rotten_flesh":6,"minecraft:stone_axe":1,"minecraft:hay_block":5,"minecraft:bread":62,"minecraft:coal":47,"minecraft:cobblestone":77,"minecraft:ender_pearl":1},"minecraft:crafted":{"minecraft:oak_planks":80,"minecraft:crafting_table":1,"minecraft:wooden_pickaxe":1,"minecraft:furnace":1,"minecraft:stone_axe":1,"minecraft:bread":15,"minecraft:air":0,"minecraft:shield":2,"minecraft:stick":28,"minecraft:iron_ingot":5,"minecraft:iron_pickaxe":1,"minecraft:stone_pickaxe":2,"minecraft:chest":1,"minecraft:torch":72,"minecraft:wheat":45},"minecraft:killed":{"minecraft:skeleton":3,"minecraft:zombie":6},"minecraft:killed_by":{"minecraft:skeleton":1,"minecraft:creeper":2,"minecraft:zombie":1}},"DataVersion":3953}