{"stats":{"minecraft:mined":{"minecraft:kelp_plant":1,"minecraft:crafting_table":1,"minecraft:glow_lichen":1,"minecraft:granite":1,"minecraft:short_grass":7,"minecraft:grass_block":5,"minecraft:calcite":1,"minecraft:tall_grass":1,"minecraft:cobblestone":10,"minecraft:composter":1,"minecraft:sugar_cane":5,"minecraft:oak_planks":2,"minecraft:kelp":1,"minecraft:diorite":2,"minecraft:wall_torch":1,"minecraft:amethyst_block":31,"minecraft:hay_block":5,"minecraft:magma_block":4,"minecraft:iron_ore":50,"minecraft:andesite":6,"minecraft:oak_log":25,"minecraft:coal_ore":192,"minecraft:gravel":15,"minecraft:dirt":12,"minecraft:smooth_basalt":3,"minecraft:stone":95,"minecraft:oak_leaves":26,"minecraft:deepslate":33},"minecraft:custom":{"minecraft:interact_with_furnace":5,"minecraft:mob_kills":16,"minecraft:interact_with_crafting_table":17,"minecraft:leave_game":3,"minecraft:time_since_death":44811,"minecraft:sleep_in_bed":6,"minecraft:time_since_rest":38877,"minecraft:sprint_one_cm":202977,"minecraft:damage_taken":3239,"minecraft:walk_one_cm":140960,"minecraft:damage_blocked_by_shield":342,"minecraft:drop":15,"minecraft:damage_dealt":3537,"minecraft:swim_one_cm":44729,"minecraft:talked_to_villager":10,"minecraft:fly_one_cm":353194,"minecraft:player_kills":3,"minecraft:open_chest":3,"minecraft:crouch_one_cm":56864,"minecraft:play_time":121405,"minecraft:deaths":4,"minecraft:sneak_time":22806,"minecraft:walk_under_water_one_cm":3144,"minecraft:jump":2337,"minecraft:walk_on_water_one_cm":8524,"minecraft:total_world_time":121405,"minecraft:fall_one_cm":65327},"minecraft:broken":{"minecraft:stone_pickaxe":2},"minecraft:used":{"minecraft:calcite":3,"minecraft:amethyst_block":3,"minecraft:stone_pickaxe":261,"minecraft:oak_planks":2,"minecraft:wooden_pickaxe":17,"minecraft:chest":1,"minecraft:shield":5,"minecraft:composter":1,"minecraft:sugar_cane":8,"minecraft:torch":94,"minecraft:dirt":17,"minecraft:crafting_table":1,"minecraft:white_bed":1,"minecraft:oak_log":1,"minecraft:bread":43,"minecraft:iron_pickaxe":178,"minecraft:gravel":15,"minecraft:smooth_basalt":5,"minecraft:stone_axe":77,"minecraft:cobblestone":78,"minecraft:furnace":1,"minecraft:andesite":4,"minecraft:kelp":5,"minecraft:cobbled_deepslate":10},"minecraft:dropped":{"minecraft:stone_axe":1,"minecraft:kelp":3,"minecraft:wheat_seeds":1,"minecraft:wheat":83,"minecraft:apple":4,"minecraft:amethyst_block":29,"minecraft:carrot":1,"minecraft:coal":92,"minecraft:potato":1,"minecraft:shield":1,"minecraft:gunpowder":2,"minecraft:amethyst_shard":4,"minecraft:wooden_pickaxe":1},"minecraft:picked_up":{"minecraft:magma_block":4,"minecraft:wheat":83,"minecraft:andesite":7,"minecraft:leather":2,"minecraft:lead":1,"minecraft:potato":1,"minecraft:flint":2,"minecraft:oak_log":25,"minecraft:gunpowder":2,"minecraft:amethyst_block":62,"minecraft:dirt":21,"minecraft:string":2,"minecraft:bone":8,"minecraft:apple":5,"minecraft:kelp":11,"minecraft:wheat_seeds":4,"minecraft:cobbled_deepslate":36,"minecraft:stone_pickaxe":2,"minecraft:iron_ingot":2,"minecraft:calcite":3,"minecraft:iron_pickaxe":1,"minecraft:sugar_cane":8,"minecraft:oak_planks":2,"minecraft:raw_iron":49,"minecraft:stick":9,"minecraft:smooth_basalt":5,"minecraft:composter":1,"minecraft:torch":58,"minecraft:gravel":15,"minecraft:amethyst_shard":4,"minecraft:diorite":2,"minecraft:white_bed":1,"minecraft:carrot":1,"minecraft:arrow":8,"minecraft:rotten_flesh":15,"minecraft:stone_axe":2,"minecraft:hay_block":5,"minecraft:granite":1,"minecraft:bread":62,"minecraft:coal":202,"minecraft:cobblestone":149,"minecraft:ender_pearl":1},"minecraft:crafted":{"minecraft:oak_planks":96,"minecraft:crafting_table":1,"minecraft:wooden_pickaxe":1,"minecraft:furnace":1,"minecraft:stone_axe":1,"minecraft:bread":15,"minecraft:air":0,"minecraft:shield":3,"minecraft:stick":48,"minecraft:iron_ingot":5,"minecraft:iron_pickaxe":1,"minecraft:stone_pickaxe":2,"minecraft:chest":1,"minecraft:torch":112,"minecraft:wheat":45},"minecraft:killed":{"minecraft:creeper":1,"minecraft:skeleton":3,"minecraft:zombie":10},"minecraft:killed_by":{"minecraft:skeleton":1,"minecraft:creeper":2,"minecraft:zombie":1}},"DataVersion":3953}