{"stats":{"minecraft:custom":{"minecraft:jump":72,"minecraft:time_since_rest":54,"minecraft:leave_game":1,"minecraft:deaths":1,"minecraft:damage_dealt":14,"minecraft:crouch_one_cm":743,"minecraft:sprint_one_cm":5864,"minecraft:play_time":1503,"minecraft:damage_taken":250,"minecraft:time_since_death":23,"minecraft:walk_one_cm":1686,"minecraft:sneak_time":161,"minecraft:total_world_time":1503,"minecraft:fall_one_cm":1254,"minecraft:fly_one_cm":19531},"minecraft:picked_up":{"minecraft:wheat_seeds":2,"minecraft:string":2,"minecraft:dirt":3,"minecraft:cobblestone":1},"minecraft:used":{"minecraft:dirt":2,"minecraft:cobblestone":1},"minecraft:killed_by":{"minecraft:skeleton":1},"minecraft:mined":{"minecraft:short_grass":1,"minecraft:grass_block":3}},"DataVersion":3953}