{"stats":{"minecraft:crafted":{"minecraft:oak_planks":12,"minecraft:crafting_table":1,"minecraft:stick":4,"minecraft:wooden_pickaxe":1,"minecraft:bread":15,"minecraft:wheat":45},"minecraft:used":{"minecraft:bread":5,"minecraft:wooden_pickaxe":8,"minecraft:sugar_cane":2,"minecraft:dirt":5,"minecraft:cobblestone":7,"minecraft:crafting_table":1,"minecraft:kelp":5},"minecraft:custom":{"minecraft:time_since_rest":558,"minecraft:sprint_one_cm":66536,"minecraft:damage_taken":1116,"minecraft:walk_one_cm":33980,"minecraft:drop":1,"minecraft:damage_dealt":324,"minecraft:swim_one_cm":40830,"minecraft:interact_with_crafting_table":3,"minecraft:fly_one_cm":168640,"minecraft:player_kills":1,"minecraft:crouch_one_cm":4696,"minecraft:play_time":50456,"minecraft:deaths":3,"minecraft:sneak_time":1921,"minecraft:walk_under_water_one_cm":2479,"minecraft:jump":796,"minecraft:leave_game":3,"minecraft:walk_on_water_one_cm":4632,"minecraft:time_since_death":37620,"minecraft:sleep_in_bed":2,"minecraft:total_world_time":50456,"minecraft:fall_one_cm":22883},"minecraft:dropped":{"minecraft:wheat_seeds":1},"minecraft:killed_by":{"minecraft:skeleton":1,"minecraft:creeper":2},"minecraft:picked_up":{"minecraft:oak_log":3,"minecraft:string":2,"minecraft:dirt":6,"minecraft:apple":1,"minecraft:kelp":5,"minecraft:wheat_seeds":4,"minecraft:hay_block":5,"minecraft:sugar_cane":2,"minecraft:cobblestone":9},"minecraft:mined":{"minecraft:hay_block":5,"minecraft:kelp_plant":1,"minecraft:short_grass":3,"minecraft:grass_block":5,"minecraft:oak_log":3,"minecraft:dirt":1,"minecraft:stone":8,"minecraft:kelp":1,"minecraft:sugar_cane":2}},"DataVersion":3953}