{"stats":{"minecraft:custom":{"minecraft:time_since_rest":8123,"minecraft:crouch_one_cm":778,"minecraft:sprint_one_cm":10268,"minecraft:play_time":9572,"minecraft:deaths":1,"minecraft:damage_taken":437,"minecraft:walk_one_cm":5457,"minecraft:sneak_time":235,"minecraft:jump":149,"minecraft:damage_dealt":284,"minecraft:leave_game":2,"minecraft:time_since_death":8092,"minecraft:total_world_time":9572,"minecraft:player_kills":1,"minecraft:fall_one_cm":1674,"minecraft:fly_one_cm":33884},"minecraft:picked_up":{"minecraft:wheat_seeds":2,"minecraft:dirt":6,"minecraft:string":2,"minecraft:cobblestone":1},"minecraft:used":{"minecraft:dirt":5,"minecraft:cobblestone":1},"minecraft:killed_by":{"minecraft:skeleton":1},"minecraft:mined":{"minecraft:short_grass":1,"minecraft:grass_block":5,"minecraft:dirt":1}},"DataVersion":3953}