{"stats":{"minecraft:mined":{"minecraft:white_bed":7,"minecraft:brewing_stand":1,"minecraft:glow_lichen":1,"minecraft:granite":1,"minecraft:grass_block":58,"minecraft:composter":2,"minecraft:kelp":1,"minecraft:hay_block":5,"minecraft:magma_block":4,"minecraft:carrots":16,"minecraft:iron_ore":63,"minecraft:andesite":6,"minecraft:azure_bluet":1,"minecraft:bell":1,"minecraft:potatoes":3,"minecraft:dirt_path":10,"minecraft:stone":99,"minecraft:white_wool":4,"minecraft:kelp_plant":1,"minecraft:crafting_table":1,"minecraft:short_grass":31,"minecraft:calcite":1,"minecraft:tall_grass":1,"minecraft:cobblestone":10,"minecraft:sugar_cane":5,"minecraft:oak_planks":11,"minecraft:diorite":2,"minecraft:wall_torch":1,"minecraft:amethyst_block":31,"minecraft:yellow_wool":5,"minecraft:wheat":3,"minecraft:yellow_bed":6,"minecraft:oak_log":53,"minecraft:coal_ore":192,"minecraft:gravel":15,"minecraft:dirt":53,"minecraft:smooth_basalt":3,"minecraft:stonecutter":1,"minecraft:oak_leaves":26,"minecraft:deepslate":33},"minecraft:broken":{"minecraft:stone_pickaxe":2},"minecraft:custom":{"minecraft:mob_kills":19,"minecraft:interact_with_crafting_table":36,"minecraft:leave_game":4,"minecraft:time_since_death":98470,"minecraft:sprint_one_cm":314677,"minecraft:walk_one_cm":211338,"minecraft:damage_blocked_by_shield":342,"minecraft:drop":29,"minecraft:talked_to_villager":12,"minecraft:play_time":175064,"minecraft:deaths":4,"minecraft:sneak_time":28225,"minecraft:walk_under_water_one_cm":5033,"minecraft:jump":3480,"minecraft:walk_on_water_one_cm":10741,"minecraft:total_world_time":175064,"minecraft:interact_with_furnace":19,"minecraft:sleep_in_bed":11,"minecraft:time_since_rest":17591,"minecraft:damage_taken":3679,"minecraft:damage_dealt":4398,"minecraft:swim_one_cm":44729,"minecraft:fly_one_cm":591174,"minecraft:player_kills":4,"minecraft:open_chest":22,"minecraft:crouch_one_cm":76042,"minecraft:fall_one_cm":93171},"minecraft:used":{"minecraft:oak_trapdoor":2,"minecraft:iron_shovel":83,"minecraft:chest":1,"minecraft:shield":5,"minecraft:bell":1,"minecraft:stone_hoe":10,"minecraft:torch":101,"minecraft:brewing_stand":1,"minecraft:dirt":92,"minecraft:carrot":26,"minecraft:iron_axe":51,"minecraft:smooth_basalt":5,"minecraft:sweet_berries":1,"minecraft:furnace":1,"minecraft:cobbled_deepslate":20,"minecraft:calcite":3,"minecraft:amethyst_block":3,"minecraft:stone_pickaxe":261,"minecraft:baked_potato":8,"minecraft:oak_planks":172,"minecraft:wooden_pickaxe":17,"minecraft:composter":2,"minecraft:stonecutter":1,"minecraft:sugar_cane":8,"minecraft:crafting_table":1,"minecraft:white_bed":7,"minecraft:oak_log":1,"minecraft:bread":48,"minecraft:iron_pickaxe":203,"minecraft:gravel":15,"minecraft:stone_axe":81,"minecraft:cobblestone":78,"minecraft:andesite":4,"minecraft:yellow_bed":5,"minecraft:kelp":5},"minecraft:dropped":{"minecraft:iron_ingot":1,"minecraft:wheat_seeds":7,"minecraft:iron_helmet":1,"minecraft:apple":4,"minecraft:amethyst_block":29,"minecraft:coal":92,"minecraft:stick":18,"minecraft:wooden_axe":1,"minecraft:iron_leggings":1,"minecraft:wooden_sword":1,"minecraft:amethyst_shard":4,"minecraft:iron_axe":1,"minecraft:stone_axe":2,"minecraft:kelp":3,"minecraft:wheat":83,"minecraft:rotten_flesh":2,"minecraft:iron_boots":1,"minecraft:carrot":1,"minecraft:potato":1,"minecraft:shield":1,"minecraft:gunpowder":2,"minecraft:iron_chestplate":1,"minecraft:oak_sapling":2,"minecraft:wooden_pickaxe":2},"minecraft:picked_up":{"minecraft:wooden_axe":1,"minecraft:wheat":86,"minecraft:azure_bluet":1,"minecraft:yellow_wool":5,"minecraft:lead":1,"minecraft:wooden_pickaxe":1,"minecraft:brewing_stand":1,"minecraft:amethyst_block":62,"minecraft:string":2,"minecraft:wooden_sword":1,"minecraft:iron_shovel":1,"minecraft:cobbled_deepslate":36,"minecraft:calcite":3,"minecraft:poppy":2,"minecraft:iron_pickaxe":1,"minecraft:sugar_cane":8,"minecraft:stick":28,"minecraft:raw_iron":62,"minecraft:composter":2,"minecraft:torch":61,"minecraft:diorite":2,"minecraft:carrot":37,"minecraft:arrow":9,"minecraft:rotten_flesh":23,"minecraft:hay_block":5,"minecraft:white_wool":4,"minecraft:cobblestone":152,"minecraft:magma_block":4,"minecraft:andesite":7,"minecraft:leather":2,"minecraft:potato":10,"minecraft:flint":2,"minecraft:oak_log":67,"minecraft:yellow_bed":5,"minecraft:gunpowder":2,"minecraft:dirt":118,"minecraft:bone":8,"minecraft:apple":5,"minecraft:kelp":11,"minecraft:stonecutter":1,"minecraft:wheat_seeds":13,"minecraft:bell":1,"minecraft:stone_pickaxe":2,"minecraft:iron_ingot":7,"minecraft:oak_planks":11,"minecraft:smooth_basalt":5,"minecraft:sweet_berries":1,"minecraft:dandelion":1,"minecraft:gravel":15,"minecraft:amethyst_shard":4,"minecraft:white_bed":7,"minecraft:stone_axe":2,"minecraft:granite":1,"minecraft:bread":62,"minecraft:oak_sapling":2,"minecraft:coal":202,"minecraft:ender_pearl":1},"minecraft:crafted":{"minecraft:oak_planks":264,"minecraft:furnace":1,"minecraft:oak_trapdoor":2,"minecraft:iron_boots":2,"minecraft:iron_axe":3,"minecraft:stone_pickaxe":2,"minecraft:chest":1,"minecraft:stone_hoe":1,"minecraft:wheat":45,"minecraft:crafting_table":1,"minecraft:baked_potato":8,"minecraft:wooden_pickaxe":1,"minecraft:iron_helmet":2,"minecraft:stone_axe":1,"minecraft:bread":16,"minecraft:air":0,"minecraft:iron_chestplate":2,"minecraft:shield":3,"minecraft:stick":48,"minecraft:iron_pickaxe":2,"minecraft:iron_ingot":63,"minecraft:iron_leggings":2,"minecraft:torch":112},"minecraft:killed":{"minecraft:skeleton":4,"minecraft:iron_golem":1,"minecraft:creeper":1,"minecraft:zombie":11},"minecraft:killed_by":{"minecraft:creeper":2,"minecraft:skeleton":1,"minecraft:zombie":1}},"DataVersion":3953}