{"stats":{"minecraft:crafted":{"minecraft:oak_planks":4,"minecraft:crafting_table":1,"minecraft:bread":15,"minecraft:wheat":45},"minecraft:custom":{"minecraft:time_since_rest":8314,"minecraft:sprint_one_cm":55480,"minecraft:damage_taken":976,"minecraft:walk_one_cm":28010,"minecraft:damage_dealt":324,"minecraft:fly_one_cm":136333,"minecraft:swim_one_cm":40830,"minecraft:interact_with_crafting_table":2,"minecraft:player_kills":1,"minecraft:crouch_one_cm":2985,"minecraft:play_time":45572,"minecraft:deaths":3,"minecraft:sneak_time":1161,"minecraft:walk_under_water_one_cm":2479,"minecraft:jump":649,"minecraft:leave_game":2,"minecraft:time_since_death":32736,"minecraft:walk_on_water_one_cm":4632,"minecraft:sleep_in_bed":1,"minecraft:total_world_time":45572,"minecraft:fall_one_cm":16482},"minecraft:picked_up":{"minecraft:oak_log":1,"minecraft:string":2,"minecraft:dirt":6,"minecraft:kelp":5,"minecraft:wheat_seeds":2,"minecraft:hay_block":5,"minecraft:sugar_cane":2,"minecraft:cobblestone":1},"minecraft:killed_by":{"minecraft:skeleton":1,"minecraft:creeper":2},"minecraft:used":{"minecraft:bread":3,"minecraft:sugar_cane":2,"minecraft:dirt":5,"minecraft:cobblestone":1,"minecraft:crafting_table":1,"minecraft:kelp":5},"minecraft:mined":{"minecraft:hay_block":5,"minecraft:kelp_plant":1,"minecraft:short_grass":1,"minecraft:grass_block":5,"minecraft:oak_log":1,"minecraft:dirt":1,"minecraft:sugar_cane":2,"minecraft:kelp":1}},"DataVersion":3953}