{"stats":{"minecraft:custom":{"minecraft:time_since_rest":6963,"minecraft:crouch_one_cm":778,"minecraft:sprint_one_cm":7624,"minecraft:play_time":8412,"minecraft:deaths":1,"minecraft:damage_taken":250,"minecraft:walk_one_cm":2042,"minecraft:sneak_time":235,"minecraft:jump":93,"minecraft:damage_dealt":14,"minecraft:leave_game":2,"minecraft:time_since_death":6932,"minecraft:total_world_time":8412,"minecraft:fall_one_cm":1463,"minecraft:fly_one_cm":26831},"minecraft:picked_up":{"minecraft:wheat_seeds":2,"minecraft:dirt":5,"minecraft:string":2,"minecraft:cobblestone":1},"minecraft:used":{"minecraft:dirt":3,"minecraft:cobblestone":1},"minecraft:killed_by":{"minecraft:skeleton":1},"minecraft:mined":{"minecraft:short_grass":1,"minecraft:grass_block":4,"minecraft:dirt":1}},"DataVersion":3953}