{"stats":{"minecraft:mined":{"minecraft:hay_block":5,"minecraft:kelp_plant":1,"minecraft:iron_ore":2,"minecraft:crafting_table":1,"minecraft:short_grass":7,"minecraft:coal_ore":25,"minecraft:grass_block":5,"minecraft:oak_log":21,"minecraft:dirt":5,"minecraft:tall_grass":1,"minecraft:cobblestone":6,"minecraft:composter":1,"minecraft:oak_planks":2,"minecraft:stone":24,"minecraft:kelp":1,"minecraft:sugar_cane":5,"minecraft:oak_leaves":22},"minecraft:custom":{"minecraft:time_since_rest":15,"minecraft:interact_with_furnace":1,"minecraft:sprint_one_cm":100874,"minecraft:damage_taken":1429,"minecraft:walk_one_cm":60994,"minecraft:mob_kills":1,"minecraft:drop":2,"minecraft:damage_dealt":708,"minecraft:talked_to_villager":10,"minecraft:swim_one_cm":40830,"minecraft:interact_with_crafting_table":13,"minecraft:fly_one_cm":251012,"minecraft:player_kills":1,"minecraft:open_chest":2,"minecraft:crouch_one_cm":15029,"minecraft:play_time":68092,"minecraft:deaths":3,"minecraft:sneak_time":5548,"minecraft:walk_under_water_one_cm":2479,"minecraft:jump":1283,"minecraft:leave_game":3,"minecraft:walk_on_water_one_cm":4632,"minecraft:time_since_death":55256,"minecraft:sleep_in_bed":5,"minecraft:total_world_time":68092,"minecraft:fall_one_cm":34598},"minecraft:used":{"minecraft:oak_log":1,"minecraft:bread":13,"minecraft:stone_pickaxe":48,"minecraft:oak_planks":2,"minecraft:chest":1,"minecraft:wooden_pickaxe":17,"minecraft:composter":1,"minecraft:sugar_cane":8,"minecraft:torch":9,"minecraft:stone_axe":32,"minecraft:dirt":5,"minecraft:cobblestone":13,"minecraft:crafting_table":1,"minecraft:furnace":1,"minecraft:white_bed":1,"minecraft:kelp":5},"minecraft:dropped":{"minecraft:wheat_seeds":1,"minecraft:wooden_pickaxe":1},"minecraft:picked_up":{"minecraft:stick":2,"minecraft:raw_iron":3,"minecraft:composter":1,"minecraft:leather":2,"minecraft:lead":1,"minecraft:oak_log":21,"minecraft:white_bed":1,"minecraft:string":2,"minecraft:dirt":10,"minecraft:rotten_flesh":1,"minecraft:bone":2,"minecraft:apple":1,"minecraft:kelp":5,"minecraft:wheat_seeds":4,"minecraft:hay_block":5,"minecraft:bread":32,"minecraft:sugar_cane":8,"minecraft:coal":25,"minecraft:oak_planks":2,"minecraft:cobblestone":32},"minecraft:crafted":{"minecraft:oak_planks":80,"minecraft:crafting_table":1,"minecraft:stick":24,"minecraft:wooden_pickaxe":1,"minecraft:stone_pickaxe":2,"minecraft:furnace":1,"minecraft:chest":1,"minecraft:torch":72,"minecraft:stone_axe":1,"minecraft:bread":15,"minecraft:wheat":45},"minecraft:killed_by":{"minecraft:skeleton":1,"minecraft:creeper":2},"minecraft:killed":{"minecraft:zombie":1}},"DataVersion":3953}