{"stats":{"minecraft:mined":{"minecraft:kelp_plant":1,"minecraft:crafting_table":1,"minecraft:short_grass":7,"minecraft:grass_block":5,"minecraft:calcite":1,"minecraft:tall_grass":1,"minecraft:cobblestone":10,"minecraft:composter":1,"minecraft:sugar_cane":5,"minecraft:oak_planks":2,"minecraft:kelp":1,"minecraft:diorite":1,"minecraft:amethyst_block":1,"minecraft:hay_block":5,"minecraft:iron_ore":41,"minecraft:andesite":3,"minecraft:oak_log":25,"minecraft:coal_ore":192,"minecraft:dirt":8,"minecraft:smooth_basalt":3,"minecraft:stone":75,"minecraft:oak_leaves":26},"minecraft:custom":{"minecraft:interact_with_furnace":5,"minecraft:mob_kills":16,"minecraft:interact_with_crafting_table":17,"minecraft:leave_game":3,"minecraft:time_since_death":32811,"minecraft:sleep_in_bed":6,"minecraft:time_since_rest":26877,"minecraft:sprint_one_cm":188645,"minecraft:damage_taken":2853,"minecraft:walk_one_cm":121474,"minecraft:damage_blocked_by_shield":198,"minecraft:drop":3,"minecraft:damage_dealt":3330,"minecraft:swim_one_cm":41365,"minecraft:talked_to_villager":10,"minecraft:fly_one_cm":344358,"minecraft:player_kills":1,"minecraft:open_chest":3,"minecraft:crouch_one_cm":49369,"minecraft:play_time":109405,"minecraft:deaths":4,"minecraft:sneak_time":19585,"minecraft:walk_under_water_one_cm":2526,"minecraft:jump":2142,"minecraft:walk_on_water_one_cm":7566,"minecraft:total_world_time":109405,"minecraft:fall_one_cm":60717},"minecraft:broken":{"minecraft:stone_pickaxe":2},"minecraft:used":{"minecraft:calcite":3,"minecraft:amethyst_block":3,"minecraft:stone_pickaxe":261,"minecraft:oak_planks":2,"minecraft:wooden_pickaxe":17,"minecraft:chest":1,"minecraft:shield":3,"minecraft:composter":1,"minecraft:sugar_cane":8,"minecraft:torch":86,"minecraft:dirt":12,"minecraft:crafting_table":1,"minecraft:white_bed":1,"minecraft:oak_log":1,"minecraft:bread":36,"minecraft:iron_pickaxe":58,"minecraft:smooth_basalt":5,"minecraft:stone_axe":74,"minecraft:cobblestone":78,"minecraft:furnace":1,"minecraft:andesite":1,"minecraft:kelp":5},"minecraft:dropped":{"minecraft:wheat_seeds":1,"minecraft:shield":1,"minecraft:wooden_pickaxe":1},"minecraft:picked_up":{"minecraft:andesite":3,"minecraft:leather":2,"minecraft:lead":1,"minecraft:potato":1,"minecraft:oak_log":25,"minecraft:gunpowder":2,"minecraft:amethyst_block":4,"minecraft:dirt":13,"minecraft:string":2,"minecraft:bone":8,"minecraft:apple":1,"minecraft:kelp":11,"minecraft:wheat_seeds":4,"minecraft:stone_pickaxe":2,"minecraft:iron_ingot":2,"minecraft:calcite":3,"minecraft:iron_pickaxe":1,"minecraft:sugar_cane":8,"minecraft:oak_planks":2,"minecraft:raw_iron":40,"minecraft:stick":4,"minecraft:smooth_basalt":5,"minecraft:composter":1,"minecraft:torch":56,"minecraft:diorite":1,"minecraft:white_bed":1,"minecraft:carrot":1,"minecraft:arrow":8,"minecraft:rotten_flesh":10,"minecraft:stone_axe":1,"minecraft:hay_block":5,"minecraft:bread":62,"minecraft:coal":202,"minecraft:cobblestone":129,"minecraft:ender_pearl":1},"minecraft:crafted":{"minecraft:oak_planks":96,"minecraft:crafting_table":1,"minecraft:wooden_pickaxe":1,"minecraft:furnace":1,"minecraft:stone_axe":1,"minecraft:bread":15,"minecraft:air":0,"minecraft:shield":3,"minecraft:stick":48,"minecraft:iron_ingot":5,"minecraft:iron_pickaxe":1,"minecraft:stone_pickaxe":2,"minecraft:chest":1,"minecraft:torch":112,"minecraft:wheat":45},"minecraft:killed":{"minecraft:creeper":1,"minecraft:skeleton":3,"minecraft:zombie":10},"minecraft:killed_by":{"minecraft:skeleton":1,"minecraft:creeper":2,"minecraft:zombie":1}},"DataVersion":3953}