{"stats":{"minecraft:mined":{"minecraft:white_bed":1,"minecraft:granite":4,"minecraft:budding_amethyst":2,"minecraft:grass_block":77,"minecraft:spruce_leaves":80,"minecraft:kelp":4,"minecraft:oak_wall_sign":3,"minecraft:hay_block":60,"minecraft:carrots":1,"minecraft:iron_ore":36,"minecraft:andesite":3,"minecraft:deepslate_lapis_ore":2,"minecraft:oak_sign":1,"minecraft:dirt_path":1,"minecraft:oak_stairs":2,"minecraft:small_amethyst_bud":2,"minecraft:stone":86,"minecraft:tripwire":1,"minecraft:amethyst_cluster":1,"minecraft:short_grass":30,"minecraft:calcite":2,"minecraft:tall_grass":2,"minecraft:cobblestone":11,"minecraft:oak_planks":2,"minecraft:diorite":1,"minecraft:amethyst_block":31,"minecraft:pink_petals":1,"minecraft:sweet_berry_bush":4,"minecraft:spruce_log":14,"minecraft:yellow_bed":1,"minecraft:oak_log":37,"minecraft:coal_ore":36,"minecraft:gravel":6,"minecraft:sand":1,"minecraft:dirt":65,"minecraft:smooth_basalt":2,"minecraft:oak_leaves":33,"minecraft:deepslate":40},"minecraft:broken":{"minecraft:stone_pickaxe":2,"minecraft:wooden_sword":1,"minecraft:wooden_axe":1},"minecraft:custom":{"minecraft:mob_kills":27,"minecraft:animals_bred":1,"minecraft:interact_with_crafting_table":10,"minecraft:bell_ring":87,"minecraft:leave_game":4,"minecraft:time_since_death":82992,"minecraft:climb_one_cm":5936,"minecraft:sprint_one_cm":466886,"minecraft:walk_one_cm":490244,"minecraft:damage_blocked_by_shield":55,"minecraft:drop":19,"minecraft:talked_to_villager":3,"minecraft:play_time":191706,"minecraft:deaths":7,"minecraft:sneak_time":5332,"minecraft:walk_under_water_one_cm":11960,"minecraft:jump":2516,"minecraft:walk_on_water_one_cm":27923,"minecraft:total_world_time":191706,"minecraft:interact_with_furnace":13,"minecraft:sleep_in_bed":12,"minecraft:time_since_rest":2448,"minecraft:damage_taken":4089,"minecraft:damage_dealt":4946,"minecraft:swim_one_cm":86609,"minecraft:fly_one_cm":266014,"minecraft:player_kills":1,"minecraft:open_chest":15,"minecraft:crouch_one_cm":5534,"minecraft:fall_one_cm":48571,"minecraft:horse_one_cm":231},"minecraft:used":{"minecraft:iron_shovel":71,"minecraft:ladder":3,"minecraft:poppy":3,"minecraft:oak_sign":4,"minecraft:shield":2,"minecraft:cooked_chicken":1,"minecraft:iron_chestplate":1,"minecraft:torch":54,"minecraft:dirt":142,"minecraft:mutton":1,"minecraft:carrot":8,"minecraft:granite":4,"minecraft:wooden_axe":45,"minecraft:iron_axe":45,"minecraft:iron_helmet":1,"minecraft:iron_boots":1,"minecraft:beef":5,"minecraft:hay_block":1,"minecraft:sweet_berries":52,"minecraft:oak_sapling":3,"minecraft:potato":1,"minecraft:cobbled_deepslate":1,"minecraft:iron_leggings":1,"minecraft:amethyst_block":30,"minecraft:stone_pickaxe":254,"minecraft:oak_planks":9,"minecraft:ender_pearl":1,"minecraft:wooden_pickaxe":53,"minecraft:white_wool":1,"minecraft:crafting_table":2,"minecraft:white_bed":1,"minecraft:bread":26,"minecraft:string":2,"minecraft:spruce_sapling":3,"minecraft:stone_axe":32,"minecraft:wooden_sword":61,"minecraft:cobblestone":62,"minecraft:cooked_porkchop":2,"minecraft:porkchop":2,"minecraft:andesite":2,"minecraft:yellow_bed":2,"minecraft:bone_meal":12},"minecraft:dropped":{"minecraft:iron_ingot":1,"minecraft:bread":32,"minecraft:wheat_seeds":9,"minecraft:oak_log":14,"minecraft:cobblestone":20,"minecraft:stick":32,"minecraft:dirt":65,"minecraft:bone_meal":6,"minecraft:iron_shovel":1,"minecraft:spruce_sapling":3,"minecraft:smooth_basalt":2,"minecraft:stone_axe":1,"minecraft:kelp":3,"minecraft:rotten_flesh":4,"minecraft:spruce_planks":56,"minecraft:calcite":1},"minecraft:picked_up":{"minecraft:wooden_axe":2,"minecraft:iron_chestplate":2,"minecraft:crafting_table":1,"minecraft:wheat":83,"minecraft:chicken":1,"minecraft:ladder":3,"minecraft:lead":5,"minecraft:wooden_pickaxe":3,"minecraft:oak_stairs":2,"minecraft:shield":1,"minecraft:amethyst_block":59,"minecraft:string":2,"minecraft:iron_axe":1,"minecraft:wooden_sword":2,"minecraft:iron_leggings":2,"minecraft:oak_sign":5,"minecraft:cobbled_deepslate":40,"minecraft:beef":7,"minecraft:calcite":1,"minecraft:poppy":3,"minecraft:spruce_trapdoor":1,"minecraft:iron_boots":2,"minecraft:stick":38,"minecraft:raw_iron":38,"minecraft:torch":2,"minecraft:porkchop":5,"minecraft:diorite":1,"minecraft:carrot":1,"minecraft:arrow":9,"minecraft:rotten_flesh":16,"minecraft:hay_block":60,"minecraft:mutton":4,"minecraft:cobblestone":110,"minecraft:white_wool":3,"minecraft:feather":1,"minecraft:andesite":3,"minecraft:leather":6,"minecraft:potato":1,"minecraft:flint":1,"minecraft:oak_log":50,"minecraft:yellow_bed":2,"minecraft:gunpowder":2,"minecraft:lapis_lazuli":12,"minecraft:dirt":283,"minecraft:bone":13,"minecraft:apple":4,"minecraft:kelp":6,"minecraft:wheat_seeds":22,"minecraft:iron_ingot":8,"minecraft:oak_planks":41,"minecraft:smooth_basalt":2,"minecraft:sweet_berries":52,"minecraft:gravel":3,"minecraft:amethyst_shard":8,"minecraft:spruce_sapling":6,"minecraft:white_bed":1,"minecraft:spruce_log":14,"minecraft:stone_axe":2,"minecraft:iron_helmet":2,"minecraft:granite":4,"minecraft:bone_meal":6,"minecraft:oak_sapling":8,"minecraft:coal":129},"minecraft:crafted":{"minecraft:wooden_sword":1,"minecraft:oak_planks":88,"minecraft:cooked_chicken":1,"minecraft:bone_meal":12,"minecraft:stone_pickaxe":2,"minecraft:wheat":531,"minecraft:cooked_porkchop":3,"minecraft:crafting_table":2,"minecraft:spruce_planks":56,"minecraft:wooden_pickaxe":1,"minecraft:stone_axe":1,"minecraft:bread":96,"minecraft:stick":32,"minecraft:iron_ingot":1,"minecraft:wooden_axe":1,"minecraft:iron_shovel":1,"minecraft:torch":52},"minecraft:killed":{"minecraft:spider":1,"minecraft:skeleton":4,"minecraft:wolf":1,"minecraft:iron_golem":1,"minecraft:sheep":2,"minecraft:zombie":4,"minecraft:cow":2},"minecraft:killed_by":{"minecraft:player":4,"minecraft:creeper":1,"minecraft:enderman":1}},"DataVersion":3953}