{"stats":{"minecraft:crafted":{"minecraft:bread":96,"minecraft:wheat":423},"minecraft:custom":{"minecraft:open_chest":1,"minecraft:time_since_rest":8314,"minecraft:crouch_one_cm":12,"minecraft:sprint_one_cm":54300,"minecraft:play_time":22903,"minecraft:damage_taken":578,"minecraft:deaths":2,"minecraft:walk_one_cm":81207,"minecraft:sneak_time":29,"minecraft:walk_under_water_one_cm":4381,"minecraft:mob_kills":1,"minecraft:jump":342,"minecraft:damage_dealt":462,"minecraft:leave_game":1,"minecraft:walk_on_water_one_cm":5858,"minecraft:time_since_death":17445,"minecraft:sleep_in_bed":1,"minecraft:climb_one_cm":968,"minecraft:total_world_time":22903,"minecraft:swim_one_cm":36240,"minecraft:interact_with_crafting_table":2,"minecraft:fall_one_cm":3542,"minecraft:fly_one_cm":36533},"minecraft:picked_up":{"minecraft:rotten_flesh":1,"minecraft:kelp":3,"minecraft:wheat_seeds":2,"minecraft:hay_block":48,"minecraft:dirt":10},"minecraft:killed":{"minecraft:zombie":1},"minecraft:killed_by":{"minecraft:creeper":1,"minecraft:player":1},"minecraft:used":{"minecraft:dirt":7,"minecraft:hay_block":1},"minecraft:mined":{"minecraft:hay_block":48,"minecraft:short_grass":5,"minecraft:grass_block":10,"minecraft:kelp":4}},"DataVersion":3953}