{"stats":{"minecraft:mined":{"minecraft:hay_block":60,"minecraft:white_bed":1,"minecraft:carrots":1,"minecraft:iron_ore":4,"minecraft:short_grass":9,"minecraft:grass_block":11,"minecraft:oak_log":6,"minecraft:stone":15,"minecraft:kelp":4,"minecraft:oak_leaves":2},"minecraft:custom":{"minecraft:time_since_rest":15,"minecraft:interact_with_furnace":1,"minecraft:sprint_one_cm":94879,"minecraft:damage_taken":768,"minecraft:walk_one_cm":111569,"minecraft:mob_kills":1,"minecraft:drop":1,"minecraft:damage_dealt":666,"minecraft:interact_with_crafting_table":5,"minecraft:swim_one_cm":36240,"minecraft:talked_to_villager":2,"minecraft:fly_one_cm":59724,"minecraft:open_chest":2,"minecraft:crouch_one_cm":12,"minecraft:play_time":35833,"minecraft:deaths":2,"minecraft:sneak_time":76,"minecraft:walk_under_water_one_cm":4381,"minecraft:jump":551,"minecraft:leave_game":1,"minecraft:walk_on_water_one_cm":5858,"minecraft:time_since_death":30375,"minecraft:sleep_in_bed":2,"minecraft:climb_one_cm":968,"minecraft:total_world_time":35833,"minecraft:fall_one_cm":6983},"minecraft:used":{"minecraft:bread":4,"minecraft:stone_pickaxe":10,"minecraft:wooden_pickaxe":27,"minecraft:stone_axe":2,"minecraft:dirt":7,"minecraft:hay_block":1,"minecraft:crafting_table":1,"minecraft:oak_sapling":1},"minecraft:dropped":{"minecraft:bread":32},"minecraft:picked_up":{"minecraft:raw_iron":3,"minecraft:crafting_table":1,"minecraft:leather":2,"minecraft:lead":1,"minecraft:wooden_pickaxe":1,"minecraft:oak_log":6,"minecraft:dirt":11,"minecraft:rotten_flesh":1,"minecraft:kelp":3,"minecraft:wheat_seeds":3,"minecraft:hay_block":60,"minecraft:oak_sapling":1,"minecraft:cobblestone":23},"minecraft:crafted":{"minecraft:oak_planks":24,"minecraft:crafting_table":1,"minecraft:stick":8,"minecraft:stone_pickaxe":2,"minecraft:stone_axe":1,"minecraft:bread":96,"minecraft:wheat":531},"minecraft:killed_by":{"minecraft:player":1,"minecraft:creeper":1},"minecraft:killed":{"minecraft:zombie":1}},"DataVersion":3953}