{"stats":{"minecraft:mined":{"minecraft:white_bed":1,"minecraft:amethyst_cluster":1,"minecraft:granite":3,"minecraft:budding_amethyst":2,"minecraft:short_grass":9,"minecraft:grass_block":11,"minecraft:calcite":2,"minecraft:cobblestone":6,"minecraft:kelp":4,"minecraft:diorite":1,"minecraft:amethyst_block":31,"minecraft:hay_block":60,"minecraft:carrots":1,"minecraft:iron_ore":36,"minecraft:andesite":2,"minecraft:yellow_bed":1,"minecraft:oak_log":6,"minecraft:coal_ore":24,"minecraft:small_amethyst_bud":2,"minecraft:dirt":31,"minecraft:smooth_basalt":2,"minecraft:stone":80,"minecraft:oak_leaves":2},"minecraft:custom":{"minecraft:interact_with_furnace":2,"minecraft:mob_kills":5,"minecraft:interact_with_crafting_table":5,"minecraft:leave_game":1,"minecraft:time_since_death":59901,"minecraft:sleep_in_bed":3,"minecraft:climb_one_cm":968,"minecraft:time_since_rest":15090,"minecraft:sprint_one_cm":136645,"minecraft:damage_taken":1656,"minecraft:walk_one_cm":179815,"minecraft:damage_blocked_by_shield":25,"minecraft:drop":6,"minecraft:damage_dealt":1463,"minecraft:swim_one_cm":36240,"minecraft:talked_to_villager":2,"minecraft:fly_one_cm":74305,"minecraft:open_chest":2,"minecraft:crouch_one_cm":1122,"minecraft:play_time":65359,"minecraft:deaths":2,"minecraft:sneak_time":1519,"minecraft:walk_under_water_one_cm":4452,"minecraft:jump":903,"minecraft:walk_on_water_one_cm":7211,"minecraft:total_world_time":65359,"minecraft:fall_one_cm":15255},"minecraft:broken":{"minecraft:stone_pickaxe":1},"minecraft:used":{"minecraft:stone_pickaxe":191,"minecraft:oak_planks":7,"minecraft:wooden_pickaxe":27,"minecraft:shield":1,"minecraft:torch":10,"minecraft:dirt":39,"minecraft:crafting_table":1,"minecraft:bread":22,"minecraft:stone_axe":16,"minecraft:cobblestone":61,"minecraft:hay_block":1,"minecraft:oak_sapling":1,"minecraft:andesite":2,"minecraft:yellow_bed":1},"minecraft:dropped":{"minecraft:iron_ingot":1,"minecraft:bread":32,"minecraft:kelp":3,"minecraft:cobblestone":20,"minecraft:calcite":1,"minecraft:smooth_basalt":2},"minecraft:picked_up":{"minecraft:crafting_table":1,"minecraft:andesite":2,"minecraft:leather":2,"minecraft:lead":1,"minecraft:wooden_pickaxe":1,"minecraft:oak_log":6,"minecraft:yellow_bed":1,"minecraft:shield":1,"minecraft:amethyst_block":29,"minecraft:dirt":42,"minecraft:bone":4,"minecraft:kelp":3,"minecraft:wheat_seeds":3,"minecraft:calcite":1,"minecraft:oak_planks":39,"minecraft:raw_iron":38,"minecraft:smooth_basalt":2,"minecraft:torch":2,"minecraft:amethyst_shard":4,"minecraft:diorite":1,"minecraft:arrow":4,"minecraft:rotten_flesh":6,"minecraft:hay_block":60,"minecraft:granite":3,"minecraft:oak_sapling":1,"minecraft:coal":25,"minecraft:cobblestone":99},"minecraft:crafted":{"minecraft:oak_planks":24,"minecraft:crafting_table":1,"minecraft:stone_axe":1,"minecraft:bread":96,"minecraft:stick":8,"minecraft:iron_ingot":1,"minecraft:stone_pickaxe":2,"minecraft:torch":8,"minecraft:wheat":531},"minecraft:killed":{"minecraft:zombie":4},"minecraft:killed_by":{"minecraft:player":1,"minecraft:creeper":1}},"DataVersion":3953}