{"stats":{"minecraft:mined":{"minecraft:white_bed":1,"minecraft:amethyst_cluster":1,"minecraft:short_grass":16,"minecraft:granite":4,"minecraft:budding_amethyst":2,"minecraft:grass_block":75,"minecraft:calcite":2,"minecraft:tall_grass":1,"minecraft:cobblestone":6,"minecraft:kelp":4,"minecraft:diorite":1,"minecraft:amethyst_block":31,"minecraft:hay_block":60,"minecraft:carrots":1,"minecraft:iron_ore":36,"minecraft:andesite":3,"minecraft:deepslate_lapis_ore":2,"minecraft:yellow_bed":1,"minecraft:oak_log":36,"minecraft:coal_ore":36,"minecraft:small_amethyst_bud":2,"minecraft:gravel":6,"minecraft:dirt":38,"minecraft:smooth_basalt":2,"minecraft:stone":84,"minecraft:oak_leaves":33,"minecraft:deepslate":40},"minecraft:custom":{"minecraft:interact_with_furnace":5,"minecraft:mob_kills":7,"minecraft:interact_with_crafting_table":10,"minecraft:leave_game":2,"minecraft:time_since_death":0,"minecraft:sleep_in_bed":7,"minecraft:climb_one_cm":2416,"minecraft:time_since_rest":827,"minecraft:sprint_one_cm":254290,"minecraft:damage_taken":3196,"minecraft:walk_one_cm":281187,"minecraft:damage_blocked_by_shield":55,"minecraft:drop":12,"minecraft:damage_dealt":2374,"minecraft:swim_one_cm":43333,"minecraft:talked_to_villager":3,"minecraft:fly_one_cm":153203,"minecraft:open_chest":4,"minecraft:crouch_one_cm":2170,"minecraft:play_time":108675,"minecraft:deaths":7,"minecraft:sneak_time":2678,"minecraft:walk_under_water_one_cm":6106,"minecraft:jump":1506,"minecraft:walk_on_water_one_cm":10132,"minecraft:total_world_time":108675,"minecraft:fall_one_cm":28637},"minecraft:broken":{"minecraft:stone_pickaxe":2},"minecraft:used":{"minecraft:amethyst_block":30,"minecraft:iron_shovel":71,"minecraft:stone_pickaxe":254,"minecraft:oak_planks":9,"minecraft:ender_pearl":1,"minecraft:wooden_pickaxe":30,"minecraft:shield":2,"minecraft:torch":54,"minecraft:dirt":51,"minecraft:crafting_table":2,"minecraft:carrot":1,"minecraft:white_bed":1,"minecraft:granite":4,"minecraft:iron_axe":22,"minecraft:bread":26,"minecraft:stone_axe":32,"minecraft:wooden_sword":4,"minecraft:cobblestone":62,"minecraft:hay_block":1,"minecraft:andesite":2,"minecraft:oak_sapling":3,"minecraft:yellow_bed":2,"minecraft:potato":1,"minecraft:cobbled_deepslate":1},"minecraft:dropped":{"minecraft:iron_ingot":1,"minecraft:bread":32,"minecraft:stone_axe":1,"minecraft:kelp":3,"minecraft:cobblestone":20,"minecraft:stick":32,"minecraft:dirt":65,"minecraft:calcite":1,"minecraft:iron_shovel":1,"minecraft:smooth_basalt":2},"minecraft:picked_up":{"minecraft:wooden_axe":1,"minecraft:crafting_table":1,"minecraft:iron_chestplate":1,"minecraft:wheat":83,"minecraft:andesite":3,"minecraft:leather":2,"minecraft:lead":1,"minecraft:wooden_pickaxe":2,"minecraft:potato":1,"minecraft:flint":1,"minecraft:oak_log":36,"minecraft:yellow_bed":2,"minecraft:shield":1,"minecraft:gunpowder":2,"minecraft:amethyst_block":59,"minecraft:lapis_lazuli":12,"minecraft:dirt":184,"minecraft:iron_axe":1,"minecraft:wooden_sword":1,"minecraft:iron_leggings":1,"minecraft:bone":8,"minecraft:apple":4,"minecraft:kelp":6,"minecraft:wheat_seeds":12,"minecraft:cobbled_deepslate":40,"minecraft:iron_ingot":1,"minecraft:calcite":1,"minecraft:oak_planks":39,"minecraft:iron_boots":1,"minecraft:raw_iron":38,"minecraft:stick":34,"minecraft:smooth_basalt":2,"minecraft:torch":2,"minecraft:gravel":3,"minecraft:amethyst_shard":8,"minecraft:diorite":1,"minecraft:white_bed":1,"minecraft:carrot":1,"minecraft:arrow":6,"minecraft:rotten_flesh":10,"minecraft:stone_axe":2,"minecraft:iron_helmet":1,"minecraft:hay_block":60,"minecraft:granite":4,"minecraft:oak_sapling":6,"minecraft:coal":129,"minecraft:cobblestone":104},"minecraft:crafted":{"minecraft:wooden_sword":1,"minecraft:oak_planks":88,"minecraft:crafting_table":2,"minecraft:wooden_pickaxe":1,"minecraft:stone_axe":1,"minecraft:bread":96,"minecraft:stick":32,"minecraft:iron_ingot":1,"minecraft:stone_pickaxe":2,"minecraft:wooden_axe":1,"minecraft:iron_shovel":1,"minecraft:torch":52,"minecraft:wheat":531},"minecraft:killed":{"minecraft:skeleton":2,"minecraft:zombie":4},"minecraft:killed_by":{"minecraft:player":4,"minecraft:creeper":1,"minecraft:enderman":1}},"DataVersion":3953}