{"stats":{"minecraft:crafted":{"minecraft:wooden_sword":1,"minecraft:oak_planks":92,"minecraft:cooked_chicken":1,"minecraft:cobblestone_stairs":4,"minecraft:bone_meal":12,"minecraft:spruce_stairs":156,"minecraft:stone_pickaxe":2,"minecraft:chest":1,"minecraft:wheat":531,"minecraft:cooked_porkchop":3,"minecraft:crafting_table":2,"minecraft:spruce_planks":340,"minecraft:wooden_pickaxe":1,"minecraft:spruce_door":3,"minecraft:stone_axe":1,"minecraft:bread":96,"minecraft:spruce_trapdoor":2,"minecraft:stick":32,"minecraft:iron_ingot":1,"minecraft:iron_pickaxe":1,"minecraft:wooden_axe":1,"minecraft:iron_shovel":2,"minecraft:torch":52},"minecraft:used":{"minecraft:iron_shovel":206,"minecraft:ladder":3,"minecraft:poppy":3,"minecraft:oak_sign":4,"minecraft:chest":2,"minecraft:spruce_planks":66,"minecraft:shield":2,"minecraft:cooked_chicken":1,"minecraft:iron_chestplate":1,"minecraft:torch":63,"minecraft:dirt":267,"minecraft:mutton":1,"minecraft:spruce_stairs":89,"minecraft:carrot":8,"minecraft:granite":4,"minecraft:wooden_axe":45,"minecraft:iron_axe":137,"minecraft:iron_helmet":1,"minecraft:iron_boots":1,"minecraft:beef":5,"minecraft:hay_block":1,"minecraft:sweet_berries":80,"minecraft:furnace":1,"minecraft:oak_sapling":3,"minecraft:potato":1,"minecraft:cobbled_deepslate":1,"minecraft:pumpkin":1,"minecraft:iron_leggings":1,"minecraft:amethyst_block":30,"minecraft:spruce_door":4,"minecraft:stone_pickaxe":254,"minecraft:oak_planks":15,"minecraft:ender_pearl":1,"minecraft:wooden_pickaxe":57,"minecraft:white_wool":1,"minecraft:crafting_table":2,"minecraft:white_bed":2,"minecraft:spruce_log":17,"minecraft:bread":26,"minecraft:string":2,"minecraft:iron_pickaxe":128,"minecraft:spruce_trapdoor":6,"minecraft:spruce_sapling":3,"minecraft:stone_axe":32,"minecraft:wooden_sword":61,"minecraft:cobblestone":112,"minecraft:porkchop":2,"minecraft:cooked_porkchop":2,"minecraft:andesite":2,"minecraft:yellow_bed":3,"minecraft:bone_meal":12},"minecraft:custom":{"minecraft:mob_kills":28,"minecraft:animals_bred":1,"minecraft:interact_with_crafting_table":16,"minecraft:bell_ring":87,"minecraft:leave_game":4,"minecraft:time_since_death":128174,"minecraft:climb_one_cm":5936,"minecraft:sprint_one_cm":545398,"minecraft:walk_one_cm":608410,"minecraft:damage_blocked_by_shield":55,"minecraft:drop":20,"minecraft:talked_to_villager":3,"minecraft:play_time":236888,"minecraft:deaths":7,"minecraft:sneak_time":6725,"minecraft:walk_under_water_one_cm":11960,"minecraft:jump":2834,"minecraft:walk_on_water_one_cm":27923,"minecraft:total_world_time":236888,"minecraft:interact_with_furnace":14,"minecraft:sleep_in_bed":15,"minecraft:time_since_rest":7666,"minecraft:damage_taken":4268,"minecraft:damage_dealt":5195,"minecraft:swim_one_cm":86609,"minecraft:fly_one_cm":296259,"minecraft:player_kills":1,"minecraft:open_chest":23,"minecraft:crouch_one_cm":6798,"minecraft:fall_one_cm":53713,"minecraft:horse_one_cm":231},"minecraft:broken":{"minecraft:stone_pickaxe":2,"minecraft:wooden_sword":1,"minecraft:wooden_axe":1},"minecraft:dropped":{"minecraft:iron_ingot":1,"minecraft:bread":32,"minecraft:wheat_seeds":9,"minecraft:oak_log":14,"minecraft:cobblestone":20,"minecraft:stick":32,"minecraft:dirt":65,"minecraft:bone_meal":6,"minecraft:iron_shovel":1,"minecraft:spruce_sapling":3,"minecraft:smooth_basalt":2,"minecraft:stone_axe":1,"minecraft:kelp":3,"minecraft:rotten_flesh":4,"minecraft:spruce_planks":104,"minecraft:calcite":1},"minecraft:killed":{"minecraft:spider":1,"minecraft:skeleton":4,"minecraft:wolf":1,"minecraft:iron_golem":1,"minecraft:sheep":2,"minecraft:zombie":5,"minecraft:cow":2},"minecraft:killed_by":{"minecraft:player":4,"minecraft:creeper":1,"minecraft:enderman":1},"minecraft:picked_up":{"minecraft:wooden_axe":2,"minecraft:crafting_table":2,"minecraft:iron_chestplate":2,"minecraft:wheat":83,"minecraft:chicken":1,"minecraft:ladder":3,"minecraft:lead":5,"minecraft:wooden_pickaxe":3,"minecraft:oak_stairs":4,"minecraft:shield":1,"minecraft:amethyst_block":88,"minecraft:string":2,"minecraft:raw_copper":8,"minecraft:iron_axe":1,"minecraft:wooden_sword":2,"minecraft:iron_leggings":2,"minecraft:oak_sign":5,"minecraft:cobbled_deepslate":56,"minecraft:spruce_planks":109,"minecraft:beef":7,"minecraft:calcite":1,"minecraft:poppy":5,"minecraft:chest":1,"minecraft:spruce_trapdoor":5,"minecraft:iron_boots":2,"minecraft:furnace":1,"minecraft:stick":45,"minecraft:raw_iron":38,"minecraft:torch":21,"minecraft:spruce_stairs":70,"minecraft:porkchop":5,"minecraft:diorite":3,"minecraft:carrot":54,"minecraft:rotten_flesh":40,"minecraft:arrow":14,"minecraft:hay_block":60,"minecraft:mutton":4,"minecraft:cobblestone":237,"minecraft:white_wool":4,"minecraft:magma_block":4,"minecraft:feather":1,"minecraft:andesite":6,"minecraft:leather":10,"minecraft:potato":2,"minecraft:flint":3,"minecraft:oak_log":51,"minecraft:yellow_bed":3,"minecraft:gunpowder":2,"minecraft:lapis_lazuli":12,"minecraft:dirt":403,"minecraft:bone":13,"minecraft:apple":5,"minecraft:kelp":6,"minecraft:wheat_seeds":27,"minecraft:iron_ingot":10,"minecraft:stone_hoe":1,"minecraft:oak_planks":44,"minecraft:smooth_basalt":2,"minecraft:pumpkin":1,"minecraft:sweet_berries":101,"minecraft:gravel":3,"minecraft:amethyst_shard":8,"minecraft:spruce_sapling":13,"minecraft:white_bed":2,"minecraft:spruce_log":102,"minecraft:spruce_door":1,"minecraft:stone_axe":2,"minecraft:iron_helmet":2,"minecraft:granite":5,"minecraft:bone_meal":6,"minecraft:oak_sapling":8,"minecraft:coal":189},"minecraft:mined":{"minecraft:spruce_planks":4,"minecraft:white_bed":2,"minecraft:spruce_trapdoor":3,"minecraft:granite":4,"minecraft:budding_amethyst":2,"minecraft:grass_block":139,"minecraft:spruce_leaves":104,"minecraft:kelp":4,"minecraft:oak_wall_sign":3,"minecraft:hay_block":60,"minecraft:furnace":1,"minecraft:carrots":14,"minecraft:iron_ore":36,"minecraft:andesite":3,"minecraft:pumpkin":1,"minecraft:deepslate_lapis_ore":2,"minecraft:oak_sign":1,"minecraft:dirt_path":5,"minecraft:oak_stairs":2,"minecraft:small_amethyst_bud":2,"minecraft:stone":198,"minecraft:tripwire":1,"minecraft:amethyst_cluster":1,"minecraft:spruce_door":1,"minecraft:crafting_table":1,"minecraft:torch":1,"minecraft:short_grass":35,"minecraft:calcite":2,"minecraft:chest":1,"minecraft:tall_grass":2,"minecraft:copper_ore":2,"minecraft:cobblestone":25,"minecraft:oak_planks":5,"minecraft:diorite":1,"minecraft:amethyst_block":31,"minecraft:pink_petals":1,"minecraft:spruce_stairs":8,"minecraft:sweet_berry_bush":6,"minecraft:spruce_log":46,"minecraft:yellow_bed":2,"minecraft:oak_log":38,"minecraft:coal_ore":36,"minecraft:gravel":6,"minecraft:sand":1,"minecraft:dirt":117,"minecraft:smooth_basalt":2,"minecraft:oak_leaves":33,"minecraft:deepslate":40}},"DataVersion":3953}