{"stats":{"minecraft:custom":{"minecraft:time_since_rest":8401,"minecraft:play_time":13819,"minecraft:sprint_one_cm":47293,"minecraft:walk_one_cm":35019,"minecraft:damage_taken":568,"minecraft:deaths":2,"minecraft:walk_under_water_one_cm":4272,"minecraft:mob_kills":1,"minecraft:jump":215,"minecraft:damage_dealt":462,"minecraft:leave_game":1,"minecraft:time_since_death":8361,"minecraft:walk_on_water_one_cm":5492,"minecraft:total_world_time":13819,"minecraft:swim_one_cm":36240,"minecraft:fall_one_cm":2253,"minecraft:fly_one_cm":32153},"minecraft:picked_up":{"minecraft:rotten_flesh":1,"minecraft:kelp":3,"minecraft:wheat_seeds":2,"minecraft:dirt":10},"minecraft:killed":{"minecraft:zombie":1},"minecraft:killed_by":{"minecraft:creeper":1,"minecraft:player":1},"minecraft:used":{"minecraft:dirt":7},"minecraft:mined":{"minecraft:short_grass":5,"minecraft:grass_block":10,"minecraft:kelp":4}},"DataVersion":3953}