{"stats":{"minecraft:mined":{"minecraft:white_bed":1,"minecraft:amethyst_cluster":1,"minecraft:granite":4,"minecraft:budding_amethyst":2,"minecraft:short_grass":9,"minecraft:grass_block":11,"minecraft:calcite":2,"minecraft:cobblestone":6,"minecraft:kelp":4,"minecraft:diorite":1,"minecraft:amethyst_block":31,"minecraft:hay_block":60,"minecraft:carrots":1,"minecraft:iron_ore":36,"minecraft:andesite":3,"minecraft:deepslate_lapis_ore":2,"minecraft:yellow_bed":1,"minecraft:oak_log":6,"minecraft:coal_ore":36,"minecraft:small_amethyst_bud":2,"minecraft:gravel":6,"minecraft:dirt":33,"minecraft:smooth_basalt":2,"minecraft:stone":84,"minecraft:oak_leaves":2,"minecraft:deepslate":40},"minecraft:custom":{"minecraft:interact_with_furnace":2,"minecraft:mob_kills":7,"minecraft:interact_with_crafting_table":6,"minecraft:leave_game":1,"minecraft:time_since_death":1115,"minecraft:sleep_in_bed":5,"minecraft:climb_one_cm":968,"minecraft:time_since_rest":113,"minecraft:sprint_one_cm":195928,"minecraft:damage_taken":2664,"minecraft:walk_one_cm":248402,"minecraft:damage_blocked_by_shield":55,"minecraft:drop":6,"minecraft:damage_dealt":2149,"minecraft:swim_one_cm":37625,"minecraft:talked_to_villager":2,"minecraft:fly_one_cm":102301,"minecraft:open_chest":3,"minecraft:crouch_one_cm":2170,"minecraft:play_time":89359,"minecraft:deaths":5,"minecraft:sneak_time":2626,"minecraft:walk_under_water_one_cm":4712,"minecraft:jump":1253,"minecraft:walk_on_water_one_cm":9378,"minecraft:total_world_time":89359,"minecraft:fall_one_cm":21445},"minecraft:broken":{"minecraft:stone_pickaxe":2},"minecraft:used":{"minecraft:amethyst_block":30,"minecraft:stone_pickaxe":254,"minecraft:oak_planks":9,"minecraft:ender_pearl":1,"minecraft:wooden_pickaxe":29,"minecraft:shield":2,"minecraft:torch":54,"minecraft:dirt":40,"minecraft:crafting_table":2,"minecraft:carrot":1,"minecraft:granite":4,"minecraft:bread":26,"minecraft:stone_axe":29,"minecraft:cobblestone":61,"minecraft:hay_block":1,"minecraft:oak_sapling":1,"minecraft:andesite":2,"minecraft:yellow_bed":1,"minecraft:potato":1,"minecraft:cobbled_deepslate":1},"minecraft:dropped":{"minecraft:iron_ingot":1,"minecraft:bread":32,"minecraft:kelp":3,"minecraft:cobblestone":20,"minecraft:calcite":1,"minecraft:smooth_basalt":2},"minecraft:picked_up":{"minecraft:crafting_table":1,"minecraft:wheat":83,"minecraft:andesite":3,"minecraft:leather":2,"minecraft:lead":1,"minecraft:wooden_pickaxe":1,"minecraft:potato":1,"minecraft:flint":1,"minecraft:oak_log":6,"minecraft:yellow_bed":1,"minecraft:shield":1,"minecraft:gunpowder":2,"minecraft:amethyst_block":59,"minecraft:lapis_lazuli":12,"minecraft:dirt":43,"minecraft:bone":8,"minecraft:apple":4,"minecraft:kelp":6,"minecraft:wheat_seeds":3,"minecraft:cobbled_deepslate":40,"minecraft:calcite":1,"minecraft:oak_planks":39,"minecraft:raw_iron":38,"minecraft:smooth_basalt":2,"minecraft:torch":2,"minecraft:gravel":3,"minecraft:amethyst_shard":8,"minecraft:diorite":1,"minecraft:carrot":1,"minecraft:arrow":6,"minecraft:rotten_flesh":6,"minecraft:stone_axe":1,"minecraft:hay_block":60,"minecraft:granite":4,"minecraft:oak_sapling":1,"minecraft:coal":129,"minecraft:cobblestone":103},"minecraft:crafted":{"minecraft:oak_planks":24,"minecraft:crafting_table":2,"minecraft:stone_axe":1,"minecraft:bread":96,"minecraft:stick":24,"minecraft:iron_ingot":1,"minecraft:stone_pickaxe":2,"minecraft:torch":52,"minecraft:wheat":531},"minecraft:killed":{"minecraft:skeleton":2,"minecraft:zombie":4},"minecraft:killed_by":{"minecraft:player":3,"minecraft:creeper":1,"minecraft:enderman":1}},"DataVersion":3953}