{"stats":{"minecraft:mined":{"minecraft:white_bed":1,"minecraft:amethyst_cluster":1,"minecraft:short_grass":17,"minecraft:granite":4,"minecraft:budding_amethyst":2,"minecraft:grass_block":77,"minecraft:calcite":2,"minecraft:tall_grass":1,"minecraft:cobblestone":6,"minecraft:spruce_leaves":80,"minecraft:kelp":4,"minecraft:diorite":1,"minecraft:amethyst_block":31,"minecraft:hay_block":60,"minecraft:carrots":1,"minecraft:iron_ore":36,"minecraft:sweet_berry_bush":1,"minecraft:spruce_log":14,"minecraft:andesite":3,"minecraft:deepslate_lapis_ore":2,"minecraft:yellow_bed":1,"minecraft:oak_log":36,"minecraft:coal_ore":36,"minecraft:small_amethyst_bud":2,"minecraft:gravel":6,"minecraft:sand":1,"minecraft:dirt":40,"minecraft:smooth_basalt":2,"minecraft:stone":84,"minecraft:oak_leaves":33,"minecraft:deepslate":40},"minecraft:custom":{"minecraft:interact_with_furnace":5,"minecraft:mob_kills":11,"minecraft:interact_with_crafting_table":10,"minecraft:bell_ring":8,"minecraft:leave_game":3,"minecraft:time_since_death":27139,"minecraft:sleep_in_bed":9,"minecraft:climb_one_cm":2416,"minecraft:time_since_rest":1373,"minecraft:sprint_one_cm":339384,"minecraft:damage_taken":3429,"minecraft:walk_one_cm":342739,"minecraft:damage_blocked_by_shield":55,"minecraft:drop":15,"minecraft:damage_dealt":2894,"minecraft:swim_one_cm":86609,"minecraft:talked_to_villager":3,"minecraft:fly_one_cm":192211,"minecraft:open_chest":5,"minecraft:crouch_one_cm":3166,"minecraft:play_time":135853,"minecraft:deaths":7,"minecraft:sneak_time":3391,"minecraft:walk_under_water_one_cm":11960,"minecraft:jump":1871,"minecraft:walk_on_water_one_cm":27923,"minecraft:total_world_time":135853,"minecraft:fall_one_cm":35817},"minecraft:broken":{"minecraft:stone_pickaxe":2,"minecraft:wooden_axe":1},"minecraft:used":{"minecraft:amethyst_block":30,"minecraft:iron_shovel":71,"minecraft:stone_pickaxe":254,"minecraft:oak_planks":9,"minecraft:ender_pearl":1,"minecraft:wooden_pickaxe":31,"minecraft:shield":2,"minecraft:iron_chestplate":1,"minecraft:torch":54,"minecraft:dirt":78,"minecraft:crafting_table":2,"minecraft:carrot":1,"minecraft:white_bed":1,"minecraft:granite":4,"minecraft:wooden_axe":45,"minecraft:iron_axe":22,"minecraft:bread":26,"minecraft:iron_helmet":1,"minecraft:iron_boots":1,"minecraft:stone_axe":32,"minecraft:wooden_sword":9,"minecraft:cobblestone":62,"minecraft:sweet_berries":13,"minecraft:beef":3,"minecraft:hay_block":1,"minecraft:andesite":2,"minecraft:oak_sapling":3,"minecraft:yellow_bed":2,"minecraft:potato":1,"minecraft:cobbled_deepslate":1,"minecraft:iron_leggings":1},"minecraft:dropped":{"minecraft:iron_ingot":1,"minecraft:bread":32,"minecraft:stone_axe":1,"minecraft:kelp":3,"minecraft:wheat_seeds":9,"minecraft:oak_log":14,"minecraft:rotten_flesh":2,"minecraft:cobblestone":20,"minecraft:stick":32,"minecraft:dirt":65,"minecraft:calcite":1,"minecraft:iron_shovel":1,"minecraft:smooth_basalt":2},"minecraft:picked_up":{"minecraft:wooden_axe":2,"minecraft:crafting_table":1,"minecraft:iron_chestplate":2,"minecraft:wheat":83,"minecraft:andesite":3,"minecraft:leather":3,"minecraft:lead":1,"minecraft:wooden_pickaxe":3,"minecraft:potato":1,"minecraft:flint":1,"minecraft:oak_log":50,"minecraft:yellow_bed":2,"minecraft:shield":1,"minecraft:gunpowder":2,"minecraft:amethyst_block":59,"minecraft:lapis_lazuli":12,"minecraft:dirt":253,"minecraft:iron_axe":1,"minecraft:wooden_sword":2,"minecraft:iron_leggings":2,"minecraft:bone":11,"minecraft:apple":4,"minecraft:kelp":6,"minecraft:wheat_seeds":21,"minecraft:cobbled_deepslate":40,"minecraft:beef":4,"minecraft:iron_ingot":1,"minecraft:calcite":1,"minecraft:oak_planks":39,"minecraft:iron_boots":2,"minecraft:raw_iron":38,"minecraft:stick":38,"minecraft:smooth_basalt":2,"minecraft:sweet_berries":19,"minecraft:torch":2,"minecraft:gravel":3,"minecraft:amethyst_shard":8,"minecraft:spruce_sapling":3,"minecraft:spruce_log":14,"minecraft:diorite":1,"minecraft:white_bed":1,"minecraft:carrot":1,"minecraft:arrow":7,"minecraft:rotten_flesh":12,"minecraft:stone_axe":2,"minecraft:iron_helmet":2,"minecraft:hay_block":60,"minecraft:granite":4,"minecraft:oak_sapling":8,"minecraft:coal":129,"minecraft:cobblestone":104},"minecraft:crafted":{"minecraft:wooden_sword":1,"minecraft:oak_planks":88,"minecraft:crafting_table":2,"minecraft:wooden_pickaxe":1,"minecraft:stone_axe":1,"minecraft:bread":96,"minecraft:stick":32,"minecraft:iron_ingot":1,"minecraft:stone_pickaxe":2,"minecraft:wooden_axe":1,"minecraft:iron_shovel":1,"minecraft:torch":52,"minecraft:wheat":531},"minecraft:killed_by":{"minecraft:player":4,"minecraft:creeper":1,"minecraft:enderman":1},"minecraft:killed":{"minecraft:wolf":1,"minecraft:skeleton":3,"minecraft:zombie":4,"minecraft:cow":2}},"DataVersion":3953}