{"stats":{"minecraft:mined":{"minecraft:hay_block":60,"minecraft:white_bed":1,"minecraft:carrots":1,"minecraft:iron_ore":14,"minecraft:amethyst_cluster":1,"minecraft:budding_amethyst":2,"minecraft:short_grass":9,"minecraft:calcite":2,"minecraft:coal_ore":10,"minecraft:grass_block":11,"minecraft:oak_log":6,"minecraft:small_amethyst_bud":2,"minecraft:smooth_basalt":2,"minecraft:stone":16,"minecraft:kelp":4,"minecraft:oak_leaves":2,"minecraft:amethyst_block":31},"minecraft:custom":{"minecraft:time_since_rest":12015,"minecraft:interact_with_furnace":2,"minecraft:sprint_one_cm":109694,"minecraft:damage_taken":1351,"minecraft:walk_one_cm":144667,"minecraft:damage_blocked_by_shield":25,"minecraft:mob_kills":2,"minecraft:drop":6,"minecraft:damage_dealt":961,"minecraft:interact_with_crafting_table":5,"minecraft:swim_one_cm":36240,"minecraft:talked_to_villager":2,"minecraft:fly_one_cm":65385,"minecraft:open_chest":2,"minecraft:crouch_one_cm":378,"minecraft:play_time":47833,"minecraft:deaths":2,"minecraft:sneak_time":462,"minecraft:walk_under_water_one_cm":4452,"minecraft:jump":701,"minecraft:leave_game":1,"minecraft:walk_on_water_one_cm":7211,"minecraft:time_since_death":42375,"minecraft:sleep_in_bed":2,"minecraft:climb_one_cm":968,"minecraft:total_world_time":47833,"minecraft:fall_one_cm":11613},"minecraft:used":{"minecraft:bread":17,"minecraft:stone_pickaxe":76,"minecraft:shield":1,"minecraft:wooden_pickaxe":27,"minecraft:torch":5,"minecraft:stone_axe":7,"minecraft:dirt":7,"minecraft:hay_block":1,"minecraft:crafting_table":1,"minecraft:oak_sapling":1},"minecraft:dropped":{"minecraft:iron_ingot":1,"minecraft:bread":32,"minecraft:kelp":3,"minecraft:cobblestone":20,"minecraft:calcite":1,"minecraft:smooth_basalt":2},"minecraft:picked_up":{"minecraft:raw_iron":13,"minecraft:crafting_table":1,"minecraft:smooth_basalt":2,"minecraft:leather":2,"minecraft:torch":1,"minecraft:lead":1,"minecraft:wooden_pickaxe":1,"minecraft:amethyst_shard":4,"minecraft:oak_log":6,"minecraft:shield":1,"minecraft:amethyst_block":29,"minecraft:dirt":11,"minecraft:bone":4,"minecraft:arrow":4,"minecraft:rotten_flesh":3,"minecraft:kelp":3,"minecraft:wheat_seeds":3,"minecraft:hay_block":60,"minecraft:calcite":1,"minecraft:oak_sapling":1,"minecraft:oak_planks":39,"minecraft:coal":11,"minecraft:cobblestone":30},"minecraft:crafted":{"minecraft:oak_planks":24,"minecraft:crafting_table":1,"minecraft:stick":8,"minecraft:iron_ingot":1,"minecraft:stone_pickaxe":2,"minecraft:torch":4,"minecraft:stone_axe":1,"minecraft:bread":96,"minecraft:wheat":531},"minecraft:killed_by":{"minecraft:player":1,"minecraft:creeper":1},"minecraft:killed":{"minecraft:zombie":2}},"DataVersion":3953}